,titles,category
0,런던 해리포터스튜디오 입장권 식사권,Trip
1,파리 베르사유 시내 알짜투어 바토무슈 옵션 ,Trip
2,나트랑 깜란 두옌하 리조트   풀보드 패키지                                                          까지,Trip
3,하이원 그랜드호텔 메인타워  구 강원랜드호텔    정선 숙박 숙소,Trip
4,스페인 바르셀로나 투어 몬세라트 시체스 푸니쿨라 근교투어,Trip
5,오사카 난카이 간사이공항 라피트 티켓  편도권 왕복권 ,Trip
6,서울 왕십리 성동구 비상주  인 사무실 사업자등록 가상 소호 공유 오피스 임대,Trip
7,홍천 대명 비발디파크 렌탈샵 스키야놀자 강습전문 프리미엄 장비 의류 렌탈샵,Trip
8,프랑스 파리 몽생미셸 에트르타 옹플뢰르 버스 일일 당일투어 인디고트래블 ,Trip
9,세부요트호핑투어 더마크크루즈 럭셔리요트호핑,Trip
10,홍천 대명 비발디파크 리프트권 스키 보드 의류 장비대여 렌탈 패키지 가까운렌탈샵 타임패스,Trip
11,비발디파크 어린이 강습 전문 렌탈샵 스키야놀자,Trip
12,베트남 나트랑 렌트카 렌터카 기사포함   단독차량  소형차  시간  ,Trip
13,지산리조트스키장렌탈샵 브라더스 이용권 지산리프트권,Trip
14,하나투어 파타야 태국 방콕여행패키지 자유 노쇼핑  박 일 여행,Trip
15,곤지암리조트스키장렌탈샵 닥터스노우 장비 의류 보호구대여 곤지암리프트권,Trip
16, 태국  방콕 공항 픽업샌딩 수완나폼 공항  돈무앙  시내 호텔  파타야 픽업 단독  방콕 외곽지역 추가요금  ,Trip
17,서울 성동구 공유오피스 소호사무실 비상주사무실,Trip
18,가족여행 북유럽 아이슬란드에 패키지 유럽 노르웨이 핀란드 크루즈 오로라투어,Trip
19, 국내당일배송 일본교통카드 이코카        엔 일본전지역 사용,Trip
20,가평 강촌 춘천 강촌북청레저     사륜바이크  스쿠터  서바이벌  자전거,Trip
21,강남비상주사무실 논현동 학동역 도보  분 공유오피스  인사무실 임대,Trip
22,곤지암리조트 스키장 스키강습    ,Trip
23,나트랑 출발 무이네 단독지프투어 화이트샌듄  레드샌듄 용과밭 요정의샘  선셋  선라이징,Trip
24,한화리조트 경주 담톤  새해에는     특가  디럭스 객실  박   경주 숙박 숙소,Trip
